[
  {
    "q": "Kaip pasiruošti seansui?",
    "a": "Išsimiegokite, pavalgykite, išgerkite vandens. Nevartokite alkoholio/kraują skystinančių vaistų 24 val. prieš seansą."
  },
  {
    "q": "Ar darote taisymus/ cover-up?",
    "a": "Taip, bet tik po konsultacijos. Įvertinu odos būklę, seną tatuiruotę ir pasiūlau geriausią sprendimą."
  },
  {
    "q": "Ar skausminga?",
    "a": "Jautrumas priklauso nuo vietos ir individualaus slenksčio. Dirbu švelniai ir darau pertraukėles."
  },
  {
    "q": "Kiek trunka sesija?",
    "a": "Nuo 30 min. mini darbams iki kelių valandų didesniems projektams. Dideliems darbams planuojami keli seansai."
  }
]