[
  {
    "alt": "Floral forearm tattoo",
    "src": "https://images.unsplash.com/photo-1526318472351-c75fcf070305?q=80&w=1200&auto=format&fit=crop"
  },
  {
    "alt": "Blackwork sleeve",
    "src": "https://images.unsplash.com/photo-1580130745470-4af6e61f3a7b?q=80&w=1200&auto=format&fit=crop"
  },
  {
    "alt": "Fine line shoulder piece",
    "src": "https://images.unsplash.com/photo-1540518614846-7eded433c457?q=80&w=1200&auto=format&fit=crop"
  },
  {
    "alt": "Neo-traditional color tattoo",
    "src": "https://images.unsplash.com/photo-1580130751961-0703c33e0969?q=80&w=1200&auto=format&fit=crop"
  },
  {
    "alt": "Minimalist ankle tattoo",
    "src": "https://images.unsplash.com/photo-1560810956-7565e9c1257d?q=80&w=1200&auto=format&fit=crop"
  },
  {
    "alt": "Back piece linework",
    "src": "https://images.unsplash.com/photo-1604908553579-aa98bd664f83?q=80&w=1200&auto=format&fit=crop"
  }
]